{
	"pattrstorage" : 	{
		"name" : "u386004553",
		"slots" : 		{
			"1" : 			{
				"id" : 1,
				"data" : 				{
					"1-1" : [ 3.793480522926892 ],
					"1-2" : [ 39.562832450562304 ],
					"1-3" : [ 8.978208716054073 ],
					"1-4" : [ 9.905964713092434 ],
					"1-5" : [ 4.127189696481523 ],
					"2-1" : [ 4.683371652405917 ],
					"2-2" : [ 31.100902194902702 ],
					"2-3" : [ 20.292996449154014 ],
					"2-4" : [ 16.995415879756528 ],
					"2-5" : [ 16.946783329530504 ],
					"3-1" : [ 17.190835971790122 ],
					"3-2" : [ 6.830500969612913 ],
					"3-3" : [ 43.081328492852961 ],
					"3-4" : [ 9.972706547803362 ],
					"3-5" : [ 35.45246981805515 ],
					"4-1" : [ 17.785639202733904 ],
					"4-2" : [ 3.776394613240891 ],
					"4-3" : [ 13.679103102083513 ],
					"4-4" : [ 5.409033373939593 ],
					"4-5" : [ 3.939244689935556 ],
					"5-1" : [ 6.598239384818889 ],
					"5-2" : [ 12.140481339214276 ],
					"5-3" : [ 46.589412808928707 ],
					"5-4" : [ 7.450087668512687 ],
					"5-5" : [ 38.374160374360692 ],
					"RC" : [ 0.98092125984252 ],
					"damping" : [ 0.09488188976378 ],
					"gridRand" : [ 0.0 ],
					"randRange" : [ 0.082872928176796, 0.30939226519337 ],
					"smoothing" : [ 0.001 ],
					"ERMix" : [ 1.0 ],
					"ERRC" : [ 0.5 ],
					"ERDepth" : [ 1.0 ],
					"presetName" : [ "Very Large Room" ]
				}

			}
,
			"2" : 			{
				"id" : 2,
				"data" : 				{
					"1-1" : [ 22.293222563162576 ],
					"1-2" : [ 22.464966430686065 ],
					"1-3" : [ 13.50574063234161 ],
					"1-4" : [ 21.00804559992725 ],
					"1-5" : [ 43.601514337304963 ],
					"2-1" : [ 27.401548054378779 ],
					"2-2" : [ 26.76928323460394 ],
					"2-3" : [ 13.890903610588193 ],
					"2-4" : [ 18.997992165362401 ],
					"2-5" : [ 24.61130488810381 ],
					"3-1" : [ 15.408244029090731 ],
					"3-2" : [ 13.850814183339867 ],
					"3-3" : [ 24.880608152949971 ],
					"3-4" : [ 18.488786663406792 ],
					"3-5" : [ 20.881687784929358 ],
					"4-1" : [ 26.232865130924392 ],
					"4-2" : [ 13.648464067956695 ],
					"4-3" : [ 21.954492275969436 ],
					"4-4" : [ 29.934318142804134 ],
					"4-5" : [ 33.174933039242276 ],
					"5-1" : [ 18.462620700210692 ],
					"5-2" : [ 34.613585270242353 ],
					"5-3" : [ 21.954492275969436 ],
					"5-4" : [ 16.788633382040839 ],
					"5-5" : [ 40.984378840271582 ],
					"RC" : [ 0.579748031496063 ],
					"damping" : [ 0.379133858267717 ],
					"gridRand" : [ 0.0 ],
					"randRange" : [ 0.160220994475138, 0.298342541436464 ],
					"smoothing" : [ 0.001 ],
					"ERMix" : [ 0.5 ],
					"ERRC" : [ 0.1 ],
					"ERDepth" : [ 0.12 ],
					"presetName" : [ "Subtle Hall" ]
				}

			}
,
			"3" : 			{
				"id" : 3,
				"data" : 				{
					"1-1" : [ 0.250446947896204 ],
					"1-2" : [ 0.891822131282655 ],
					"1-3" : [ 0.592547800915817 ],
					"1-4" : [ 0.428779158482282 ],
					"1-5" : [ 0.515406574963215 ],
					"2-1" : [ 0.915208277574703 ],
					"2-2" : [ 0.299523312598971 ],
					"2-3" : [ 0.78116847969433 ],
					"2-4" : [ 0.252852542805702 ],
					"2-5" : [ 0.370519933540855 ],
					"3-1" : [ 0.817449258504336 ],
					"3-2" : [ 0.982153891545991 ],
					"3-3" : [ 0.448093250395882 ],
					"3-4" : [ 0.522329934064551 ],
					"3-5" : [ 0.970773434310747 ],
					"4-1" : [ 0.502945271430502 ],
					"4-2" : [ 0.457107731371709 ],
					"4-3" : [ 0.468397808561459 ],
					"4-4" : [ 0.822489493644095 ],
					"4-5" : [ 0.604370253716006 ],
					"5-1" : [ 1.463444966956271 ],
					"5-2" : [ 1.453659160386714 ],
					"5-3" : [ 0.352691541005225 ],
					"5-4" : [ 0.379968981584739 ],
					"5-5" : [ 0.650842930258882 ],
					"RC" : [ 0.959669291338583 ],
					"damping" : [ 0.603543307086615 ],
					"gridRand" : [ 0.0 ],
					"randRange" : [ 0.0, 0.049723756906077 ],
					"smoothing" : [ 0.001 ],
					"ERMix" : [ 0.5 ],
					"ERRC" : [ 0.9 ],
					"ERDepth" : [ 0.5 ],
					"presetName" : [ "Slapback Reverb" ]
				}

			}

		}

	}

}
