{
	"pattrstorage" : 	{
		"name" : "meshPresets",
		"slots" : 		{
			"1" : 			{
				"id" : 1,
				"data" : 				{
					"WB" : [ 23.0 ],
					"WL" : [ 20.0 ],
					"WR" : [ 25.0 ],
					"WT" : [ 21.0 ],
					"j1" : [ 25.100000000000001 ],
					"j10" : [ 39.925100854602974 ],
					"j11" : [ 27.410863971431354 ],
					"j12" : [ 21.904643809287606 ],
					"j13" : [ 31.177373637168493 ],
					"j14" : [ 21.836339322041692 ],
					"j15" : [ 21.33421657429437 ],
					"j16" : [ 23.245979644668168 ],
					"j17" : [ 23.217802412532496 ],
					"j18" : [ 23.604013627669719 ],
					"j19" : [ 23.021342082059196 ],
					"j2" : [ 22.048677042012123 ],
					"j20" : [ 21.071362142724276 ],
					"j3" : [ 39.132923887118793 ],
					"j4" : [ 23.320294727499721 ],
					"j5" : [ 21.71068105929918 ],
					"j6" : [ 26.051750818059258 ],
					"j7" : [ 28.906559670430958 ],
					"j8" : [ 24.229226603153762 ],
					"j9" : [ 26.280637411904703 ],
					"randomDelaySpeed" : [ 4.054054054054054, 4.054054054054054 ],
					"randomDelyDepth" : [ 0.0 ],
					"scatterRc" : [ 0.88246770454604 ],
					"wallRc" : [ 0.678638339935938 ],
					"lowpassFeq" : [ 5000 ],
					"lowPassMix" : [ 1.0 ]
				}

			}
,
			"2" : 			{
				"id" : 2,
				"data" : 				{
					"WB" : [ 23.0 ],
					"WL" : [ 20.0 ],
					"WR" : [ 25.0 ],
					"WT" : [ 21.0 ],
					"j1" : [ 25.100000000000001 ],
					"j10" : [ 39.925100854602974 ],
					"j11" : [ 27.410863971431354 ],
					"j12" : [ 21.904643809287606 ],
					"j13" : [ 31.177373637168493 ],
					"j14" : [ 21.836339322041692 ],
					"j15" : [ 21.33421657429437 ],
					"j16" : [ 23.245979644668168 ],
					"j17" : [ 23.217802412532496 ],
					"j18" : [ 23.604013627669719 ],
					"j19" : [ 23.021342082059196 ],
					"j2" : [ 22.048677042012123 ],
					"j20" : [ 21.071362142724276 ],
					"j3" : [ 39.132923887118793 ],
					"j4" : [ 23.320294727499721 ],
					"j5" : [ 21.71068105929918 ],
					"j6" : [ 26.051750818059258 ],
					"j7" : [ 28.906559670430958 ],
					"j8" : [ 24.229226603153762 ],
					"j9" : [ 26.280637411904703 ],
					"randomDelaySpeed" : [ 4.054054054054054, 4.054054054054054 ],
					"randomDelyDepth" : [ 0.0 ],
					"scatterRc" : [ 0.88246770454604 ],
					"wallRc" : [ 0.678638339935938 ],
					"lowpassFeq" : [ 5000 ],
					"lowPassMix" : [ 1.0 ]
				}

			}

		}

	}

}
